company,category,question,answer,score,label,company_alignment
accenture,technical,"Explain the four pillars of Object-Oriented Programming with real-world examples.","The four pillars of OOP are Encapsulation, Abstraction, Inheritance, and Polymorphism. Encapsulation bundles data with the methods that operate on it, hiding internal state using private access modifiers — like a bank account class where balance is private and modified only via deposit or withdraw methods. Abstraction exposes only essential details while hiding implementation complexity — like using an ATM interface without needing to understand banking mainframe protocols. Inheritance allows a child class to inherit properties and behaviors from a parent, promoting reusability — like an Employee base class extended by Developer and Manager classes. Finally, Polymorphism enables entities to take multiple forms through compile-time method overloading or runtime method overriding — such as a Shape class having a draw() method implemented differently in Circle and Square. These pillars enhance code maintainability, scalability, and testability.",9.4,excellent,0.95
accenture,technical,"Explain the four pillars of Object-Oriented Programming with real-world examples.","OOP is built on four core principles: Encapsulation, Abstraction, Inheritance, and Polymorphism. Encapsulation means keeping data safe by putting variables and methods together in a class and using getters and setters. Abstraction hides the internal complexity from the user, like driving a car using steering and pedals without knowing the internal engine mechanics. Inheritance allows a derived class to reuse code from a base class, like a Car inheriting from a Vehicle class. Polymorphism means many forms, where a method behaves differently based on the object calling it, like function overriding. These principles make programming modular and clean.",7.8,good,0.82
accenture,technical,"Explain the four pillars of Object-Oriented Programming with real-world examples.","OOP has four pillars: encapsulation, abstraction, inheritance, and polymorphism. Encapsulation is wrapping data into a single unit like a capsule. Abstraction is hiding data. Inheritance is when child class takes properties from parent class so we don't rewrite code. Polymorphism is having same function name with different tasks. For example, a person can be a father, student, and employee at the same time.",5.8,average,0.58
accenture,technical,"Explain the four pillars of Object-Oriented Programming with real-world examples.","The four pillars are inheritance, polymorphism, encapsulation, and abstraction. Inheritance is used in Java to inherit things. Encapsulation is like a capsule with data. Polymorphism means many shapes. They are used in C++ and Java classes.",3.2,weak,0.25
cognizant,technical,"What is database normalization and why is it important? Explain up to 3NF.","Database normalization is the systematic process of organizing database tables to minimize data redundancy and eliminate insert, update, and delete anomalies. 1NF requires atomic values where each column contains indivisible values and each record is uniquely identifiable by a primary key, avoiding repeating groups. 2NF builds on 1NF by requiring that all non-key attributes are fully functionally dependent on the entire primary key, eliminating partial dependencies in composite key scenarios. 3NF requires 2NF compliance plus the removal of transitive dependencies, meaning non-prime attributes must depend solely on the primary key, not on another non-prime attribute. While normalization guarantees ACID compliance and consistency, in read-heavy production microservices we sometimes selectively denormalize to reduce costly joins.",9.3,excellent,0.92
cognizant,technical,"What is database normalization and why is it important? Explain up to 3NF.","Normalization is used in relational databases to reduce duplicate data and prevent anomalies. 1NF means all values in columns must be atomic, with no multi-valued attributes and a primary key defined. 2NF removes partial dependency, so every column depends on the whole primary key rather than a part of a composite key. 3NF removes transitive dependencies, so if column A determines B and B determines C, C should be moved to another table. It helps keep tables clean, saves storage, and makes data integrity easier to manage.",7.6,good,0.80
cognizant,technical,"What is database normalization and why is it important? Explain up to 3NF.","Normalization is dividing large tables into smaller tables to reduce duplicate data. 1NF has atomic values. 2NF has no partial dependency. 3NF has no transitive dependency. It prevents anomalies when inserting or deleting records in SQL.",5.5,average,0.55
cognizant,technical,"What is database normalization and why is it important? Explain up to 3NF.","Normalization is making tables normal in SQL so there are no duplicates. There is 1NF, 2NF, 3NF and BCNF. 1NF is first normal form. 2NF is second normal form.",2.8,weak,0.20
accenture,behavioral,"Tell me about a time you had to adapt to a sudden change in a project or assignment.","During our final semester capstone project, our client requested a shift from a SQL relational database to MongoDB three weeks before the deadline due to evolving unstructured survey data requirements. As team lead, I first organized an emergency 30-minute sync to evaluate the architectural impact. I divided the work: one member drafted schema models using Mongoose, another handled data migration scripts, while I re-architected the repository query layer. I also scheduled daily 10-minute standups to track blockers. Because of structured task prioritization, we completed the migration within 8 days with zero data loss and delivered the final project with an automated test suite, earning an A grade. This taught me that adaptability is about calm communication, rapid upskilling, and systematic execution.",9.5,excellent,0.96
accenture,behavioral,"Tell me about a time you had to adapt to a sudden change in a project or assignment.","In college, one of our group members fell ill right before our final project presentation. They were responsible for the entire backend and presentation slides. I volunteered to take over their module. I spent the weekend reading their code, fixing two pending integration bugs, and preparing the slide deck. During the presentation, our team presented smoothly and answered all questions from the external evaluator. It taught me how to stay calm under pressure and help teammates when unexpected situations arise.",7.8,good,0.84
accenture,behavioral,"Tell me about a time you had to adapt to a sudden change in a project or assignment.","Once our teacher changed the topic of our project one week before submission. We were frustrated at first, but we sat together in the library and found new reference papers. We worked day and night and submitted the report on time.",5.4,average,0.52
accenture,behavioral,"Tell me about a time you had to adapt to a sudden change in a project or assignment.","Changes happen all the time. Whenever there is a change, I just adjust and do whatever the manager or professor tells me to do without complaining.",2.6,weak,0.25
cognizant,technical,"Explain the difference between REST and SOAP APIs. When would you use each?","REST is an architectural style based on stateless client-server communication using standard HTTP methods like GET, POST, PUT, DELETE, and typically payloads in lightweight JSON format. It is cacheable, flexible, and has lower overhead, making it the industry standard for web, mobile apps, and microservices. Conversely, SOAP is a strict protocol relying exclusively on XML with formal WSDL contracts. SOAP provides built-in enterprise features such as WS-Security, ACID-compliant transactions via WS-AtomicTransaction, and standardized error handling via SOAP Faults. I would choose REST for 90% of modern web/mobile APIs where developer speed, bandwidth, and caching matter, and choose SOAP for legacy enterprise integrations, financial banking gateways, or telecommunications requiring strict formal contracts and ACID compliance.",9.2,excellent,0.90
cognizant,technical,"Explain the difference between REST and SOAP APIs. When would you use each?","REST is an architectural pattern that works over HTTP and mostly uses JSON, though it can use XML. It is lightweight, stateless, and fast. SOAP is a protocol that uses strict XML messages with a WSDL contract. SOAP has built-in security features like WS-Security and supports stateful operations. You use REST for modern web applications and mobile backends because it is simple and fast. You use SOAP in banking or government sectors where strict security contracts are mandatory.",7.7,good,0.78
cognizant,technical,"Explain the difference between REST and SOAP APIs. When would you use each?","REST uses JSON and HTTP methods like GET and POST. It is easy to use and used in web development. SOAP uses XML and is a protocol. SOAP is slower because XML is heavy. We use REST for websites and SOAP for secure banking.",5.2,average,0.50
cognizant,technical,"Explain the difference between REST and SOAP APIs. When would you use each?","REST is modern API and SOAP is old API. REST uses JSON format while SOAP uses XML format. REST is faster.",2.7,weak,0.22
google,coding,"How would you determine if two strings are anagrams of each other? Explain approach and complexity.","An anagram occurs when two strings contain identical character frequencies. The optimal approach uses a frequency hash map or a fixed 26-element array if limited to lowercase ASCII. First, check if both strings have equal lengths; if not, return false immediately in O(1). Then iterate through the first string incrementing counts, and through the second string decrementing counts. If any count drops below zero, return false early. This runs in O(N) time and O(1) auxiliary space (since the alphabet size is constant at 26 or 128 for ASCII). A naive approach of sorting both strings takes O(N log N) time, which is suboptimal for large inputs or streaming data.",9.6,excellent,0.94
google,coding,"How would you determine if two strings are anagrams of each other? Explain approach and complexity.","To check if two strings are anagrams, we first check if their lengths are equal. If not, they cannot be anagrams. Then we can use a hash map to count occurrences of each character in the first string, and decrement the counts while traversing the second string. If all counts end at zero, they are anagrams. This takes O(n) time and O(k) space where k is unique characters. Another approach is to sort both strings and compare them, which takes O(n log n) time.",7.9,good,0.81
google,coding,"How would you determine if two strings are anagrams of each other? Explain approach and complexity.","To check anagrams, we convert both strings to char arrays, sort them using built-in sort function, and compare if they are equal. The time complexity is O(n log n) because of sorting.",5.3,average,0.53
google,coding,"How would you determine if two strings are anagrams of each other? Explain approach and complexity.","Anagram means words have same letters like silent and listen. You can loop through each letter and check if it exists in the other string.",2.5,weak,0.20
